-- MySQL dump 10.17  Distrib 10.3.15-MariaDB, for osx10.14 (x86_64)
--
-- Host: localhost    Database: eims
-- ------------------------------------------------------
-- Server version	10.3.15-MariaDB

/*!40101 SET @OLD_CHARACTER_SET_CLIENT=@@CHARACTER_SET_CLIENT */;
/*!40101 SET @OLD_CHARACTER_SET_RESULTS=@@CHARACTER_SET_RESULTS */;
/*!40101 SET @OLD_COLLATION_CONNECTION=@@COLLATION_CONNECTION */;
/*!40101 SET NAMES utf8mb4 */;
/*!40103 SET @OLD_TIME_ZONE=@@TIME_ZONE */;
/*!40103 SET TIME_ZONE='+00:00' */;
/*!40014 SET @OLD_UNIQUE_CHECKS=@@UNIQUE_CHECKS, UNIQUE_CHECKS=0 */;
/*!40014 SET @OLD_FOREIGN_KEY_CHECKS=@@FOREIGN_KEY_CHECKS, FOREIGN_KEY_CHECKS=0 */;
/*!40101 SET @OLD_SQL_MODE=@@SQL_MODE, SQL_MODE='NO_AUTO_VALUE_ON_ZERO' */;
/*!40111 SET @OLD_SQL_NOTES=@@SQL_NOTES, SQL_NOTES=0 */;

--
-- Table structure for table `department`
--

DROP TABLE IF EXISTS `department`;
/*!40101 SET @saved_cs_client     = @@character_set_client */;
/*!40101 SET character_set_client = utf8 */;
CREATE TABLE `department` (
  `id` int(11) NOT NULL AUTO_INCREMENT,
  `name` varchar(40) NOT NULL,
  `address` varchar(200) NOT NULL DEFAULT '主公司内部',
  PRIMARY KEY (`id`)
) ENGINE=InnoDB AUTO_INCREMENT=16 DEFAULT CHARSET=utf8mb4;
/*!40101 SET character_set_client = @saved_cs_client */;

--
-- Dumping data for table `department`
--

LOCK TABLES `department` WRITE;
/*!40000 ALTER TABLE `department` DISABLE KEYS */;
INSERT INTO `department` VALUES (0,'无部门','--'),(1,'行政部','主公司内部'),(2,'财务部','主公司内部'),(3,'质量管理部','主公司内部'),(4,'营销部','主公司内部'),(5,'营运部','主公司内部'),(6,'技术部','主公司内部'),(7,'维修部门 ','主公司内部'),(8,'人力资源部','主公司内部'),(9,'客户服务部','主公司内部'),(10,'安全监察部','主公司内部'),(11,'党群工作部','主公司内部'),(12,'保卫部','主公司内部'),(13,'后勤部','主公司内部');
/*!40000 ALTER TABLE `department` ENABLE KEYS */;
UNLOCK TABLES;

--
-- Table structure for table `employee`
--

DROP TABLE IF EXISTS `employee`;
/*!40101 SET @saved_cs_client     = @@character_set_client */;
/*!40101 SET character_set_client = utf8 */;
CREATE TABLE `employee` (
  `id` int(11) NOT NULL AUTO_INCREMENT,
  `name` varchar(20) NOT NULL,
  `job` varchar(100) NOT NULL DEFAULT '本部门基础工作',
  `hiredate` date NOT NULL DEFAULT current_timestamp(),
  `sal` int(11) NOT NULL CHECK (`sal` >= 0),
  `comm` decimal(10,1) NOT NULL DEFAULT 0.0 CHECK (`comm` >= 0),
  `mgr` int(11) NOT NULL,
  `deptno` int(11) NOT NULL,
  `avatar` text DEFAULT NULL,
  PRIMARY KEY (`id`),
  KEY `deptno` (`deptno`),
  KEY `mgr` (`mgr`),
  CONSTRAINT `employee_ibfk_1` FOREIGN KEY (`deptno`) REFERENCES `department` (`id`),
  CONSTRAINT `employee_ibfk_2` FOREIGN KEY (`mgr`) REFERENCES `manager` (`id`)
) ENGINE=InnoDB AUTO_INCREMENT=651 DEFAULT CHARSET=utf8mb4;
/*!40101 SET character_set_client = @saved_cs_client */;

--
-- Dumping data for table `employee`
--

LOCK TABLES `employee` WRITE;
/*!40000 ALTER TABLE `employee` DISABLE KEYS */;
INSERT INTO `employee` VALUES (1,'阿安','划水','2019-06-17',8000,1200.0,0,0,''),(2,'阿奥','划水','2019-06-17',8000,1200.0,0,0,''),(3,'阿贝贝','划水','2019-06-17',8000,1200.0,0,0,''),(4,'阿彬','划水','2019-06-17',8000,1200.0,0,0,''),(5,'阿彬彬','划水','2019-06-17',8000,1200.0,0,0,''),(6,'阿斌','划水','2019-06-17',8000,1200.0,0,0,''),(7,'阿斌斌','划水','2019-06-17',8000,1200.0,0,0,''),(8,'阿滨','划水','2019-06-17',8000,1200.0,0,0,''),(9,'阿冰','划水','2019-06-17',8000,1200.0,0,0,''),(10,'阿冰冰','划水','2019-06-17',8000,1200.0,0,0,''),(11,'阿兵','划水','2019-06-17',8000,1200.0,0,0,''),(12,'阿波','划水','2019-06-17',8000,1200.0,0,0,''),(13,'阿波波','划水','2019-06-17',8000,1200.0,0,0,''),(14,'阿博','划水','2019-06-17',8000,1200.0,0,0,''),(15,'阿策','划水','2019-06-17',8000,1200.0,0,0,''),(16,'阿岑','划水','2019-06-17',8000,1200.0,0,0,''),(17,'阿婵','划水','2019-06-17',8000,1200.0,0,0,''),(18,'阿超','划水','2019-06-17',8000,1200.0,0,0,''),(19,'阿超超','划水','2019-06-17',8000,1200.0,0,0,''),(20,'阿朝','划水','2019-06-17',8000,1200.0,0,0,''),(21,'阿琛','划水','2019-06-17',8000,1200.0,0,0,''),(22,'阿臣','划水','2019-06-17',8000,1200.0,0,0,''),(23,'阿辰','划水','2019-06-17',8000,1200.0,0,0,''),(24,'阿晨','划水','2019-06-17',8000,1200.0,0,0,''),(25,'阿称','划水','2019-06-17',8000,1200.0,0,0,''),(26,'阿诚','划水','2019-06-17',8000,1200.0,0,0,''),(27,'阿澄','划水','2019-06-17',8000,1200.0,0,0,''),(28,'阿弛','划水','2019-06-17',8000,1200.0,0,0,''),(29,'阿驰','划水','2019-06-17',8000,1200.0,0,0,''),(30,'阿赤','划水','2019-06-17',8000,1200.0,0,0,''),(31,'阿冲','划水','2019-06-17',8000,1200.0,0,0,''),(32,'阿崇','划水','2019-06-17',8000,1200.0,0,0,''),(33,'阿春','划水','2019-06-17',8000,1200.0,0,0,''),(34,'阿春春','划水','2019-06-17',8000,1200.0,0,0,''),(35,'阿春儿','划水','2019-06-17',8000,1200.0,0,0,''),(36,'阿聪','划水','2019-06-17',8000,1200.0,0,0,''),(37,'阿从','划水','2019-06-17',8000,1200.0,0,0,''),(38,'阿丛','划水','2019-06-17',8000,1200.0,0,0,''),(39,'阿达礼','划水','2019-06-17',8000,1200.0,0,0,''),(40,'阿岱','划水','2019-06-17',8000,1200.0,0,0,''),(41,'阿丹','本部门基础工作','2019-06-17',8000,1200.0,0,1,''),(42,'阿丹丹','本部门基础工作','2019-06-17',8000,1200.0,0,1,''),(43,'阿丹儿','本部门基础工作','2019-06-17',8000,1200.0,0,1,''),(44,'阿德兰','本部门基础工作','2019-06-17',8000,1200.0,0,1,''),(45,'阿德雷','本部门基础工作','2019-06-17',8000,1200.0,0,1,''),(46,'阿德力','本部门基础工作','2019-06-17',8000,1200.0,0,1,''),(47,'阿德南','本部门基础工作','2019-06-17',8000,1200.0,0,1,''),(48,'阿迪','本部门基础工作','2019-06-17',8000,1200.0,0,1,''),(49,'阿迪迪','本部门基础工作','2019-06-17',8000,1200.0,0,1,''),(50,'阿迪江','本部门基础工作','2019-06-17',8000,1200.0,0,1,''),(51,'阿迪娜','本部门基础工作','2019-06-17',8000,1200.0,0,1,''),(52,'阿迪雅','本部门基础工作','2019-06-17',8000,1200.0,0,1,''),(53,'阿笛','本部门基础工作','2019-06-17',8000,1200.0,0,1,''),(54,'阿地力','本部门基础工作','2019-06-17',8000,1200.0,0,1,''),(55,'阿蒂','本部门基础工作','2019-06-17',8000,1200.0,0,1,''),(56,'阿蝶','本部门基础工作','2019-06-17',8000,1200.0,0,1,''),(57,'阿鼎','本部门基础工作','2019-06-17',8000,1200.0,0,1,''),(58,'阿东东','本部门基础工作','2019-06-17',8000,1200.0,0,1,''),(59,'阿东子','本部门基础工作','2019-06-17',8000,1200.0,0,1,''),(60,'阿冬','本部门基础工作','2019-06-17',8000,1200.0,0,1,''),(61,'阿栋','本部门基础工作','2019-06-17',8000,1200.0,0,1,''),(62,'阿多多','本部门基础工作','2019-06-17',8000,1200.0,0,1,''),(63,'阿恩','本部门基础工作','2019-06-17',8000,1200.0,0,1,''),(64,'阿尔丹','本部门基础工作','2019-06-17',8000,1200.0,0,1,''),(65,'阿尔文','本部门基础工作','2019-06-17',8000,1200.0,0,1,''),(66,'阿尔希','本部门基础工作','2019-06-17',8000,1200.0,0,1,''),(67,'阿凡','本部门基础工作','2019-06-17',8000,1200.0,0,1,''),(68,'阿繁','本部门基础工作','2019-06-17',8000,1200.0,0,1,''),(69,'阿方','本部门基础工作','2019-06-17',8000,1200.0,0,1,''),(70,'阿芳芳','本部门基础工作','2019-06-17',8000,1200.0,0,1,''),(71,'阿放','本部门基础工作','2019-06-17',8000,1200.0,0,1,''),(72,'阿飞儿','本部门基础工作','2019-06-17',8000,1200.0,0,1,''),(73,'阿飞飞','本部门基础工作','2019-06-17',8000,1200.0,0,1,''),(74,'阿菲','本部门基础工作','2019-06-17',8000,1200.0,0,1,''),(75,'阿菲菲','本部门基础工作','2019-06-17',8000,1200.0,0,1,''),(76,'阿绯','本部门基础工作','2019-06-17',8000,1200.0,0,1,''),(77,'阿斐','本部门基础工作','2019-06-17',8000,1200.0,0,1,''),(78,'阿芬','本部门基础工作','2019-06-17',8000,1200.0,0,1,''),(79,'阿丰','本部门基础工作','2019-06-17',8000,1200.0,0,1,''),(80,'阿枫','本部门基础工作','2019-06-17',8000,1200.0,0,1,''),(81,'阿峰','本部门基础工作','2019-06-17',8000,1200.0,0,1,''),(82,'阿锋','本部门基础工作','2019-06-17',8000,1200.0,0,1,''),(83,'阿凤','本部门基础工作','2019-06-17',8000,1200.0,0,1,''),(84,'阿凤凤','本部门基础工作','2019-06-17',8000,1200.0,0,1,''),(85,'阿凤妹','本部门基础工作','2019-06-17',8000,1200.0,0,1,''),(86,'阿奉','本部门基础工作','2019-06-17',8000,1200.0,0,1,''),(87,'阿甫','本部门基础工作','2019-06-17',8000,1200.0,0,1,''),(88,'阿辅','本部门基础工作','2019-06-17',8000,1200.0,0,1,''),(89,'阿赣','本部门基础工作','2019-06-17',8000,1200.0,0,1,''),(90,'阿冈','本部门基础工作','2019-06-17',8000,1200.0,0,1,''),(91,'阿刚','本部门基础工作','2019-06-17',8000,1200.0,0,1,''),(92,'阿纲','本部门基础工作','2019-06-17',8000,1200.0,0,1,''),(93,'阿钢','本部门基础工作','2019-06-17',8000,1200.0,0,1,''),(94,'阿罡','本部门基础工作','2019-06-17',8000,1200.0,0,1,''),(95,'阿戈','本部门基础工作','2019-06-17',8000,1200.0,0,1,''),(96,'阿鸽','本部门基础工作','2019-06-17',8000,1200.0,0,1,''),(97,'阿歌','本部门基础工作','2019-06-17',8000,1200.0,0,1,''),(98,'阿阁','本部门基础工作','2019-06-17',8000,1200.0,0,1,''),(99,'阿格','本部门基础工作','2019-06-17',8000,1200.0,0,1,''),(100,'阿格农','本部门基础工作','2019-06-17',8000,1200.0,0,1,''),(101,'阿果果','本部门基础工作','2019-06-17',8000,1200.0,0,2,''),(102,'阿涵','本部门基础工作','2019-06-17',8000,1200.0,0,2,''),(103,'阿寒','本部门基础工作','2019-06-17',8000,1200.0,0,2,''),(104,'阿罕','本部门基础工作','2019-06-17',8000,1200.0,0,2,''),(105,'阿汉','本部门基础工作','2019-06-17',8000,1200.0,0,2,''),(106,'阿翰','本部门基础工作','2019-06-17',8000,1200.0,0,2,''),(107,'阿行','本部门基础工作','2019-06-17',8000,1200.0,0,2,''),(108,'阿浩','本部门基础工作','2019-06-17',8000,1200.0,0,2,''),(109,'阿灏','本部门基础工作','2019-06-17',8000,1200.0,0,2,''),(110,'阿合','本部门基础工作','2019-06-17',8000,1200.0,0,2,''),(111,'阿赫','本部门基础工作','2019-06-17',8000,1200.0,0,2,''),(112,'阿鹤','本部门基础工作','2019-06-17',8000,1200.0,0,2,''),(113,'阿恒','本部门基础工作','2019-06-17',8000,1200.0,0,2,''),(114,'阿珩','本部门基础工作','2019-06-17',8000,1200.0,0,2,''),(115,'阿红','本部门基础工作','2019-06-17',8000,1200.0,0,2,''),(116,'阿红妹','本部门基础工作','2019-06-17',8000,1200.0,0,2,''),(117,'阿宏','本部门基础工作','2019-06-17',8000,1200.0,0,2,''),(118,'阿虹','本部门基础工作','2019-06-17',8000,1200.0,0,2,''),(119,'阿洪','本部门基础工作','2019-06-17',8000,1200.0,0,2,''),(120,'阿鸿','本部门基础工作','2019-06-17',8000,1200.0,0,2,''),(121,'阿胡','本部门基础工作','2019-06-17',8000,1200.0,0,2,''),(122,'阿虎虎','本部门基础工作','2019-06-17',8000,1200.0,0,2,''),(123,'阿花花','本部门基础工作','2019-06-17',8000,1200.0,0,2,''),(124,'阿花妹','本部门基础工作','2019-06-17',8000,1200.0,0,2,''),(125,'阿华','本部门基础工作','2019-06-17',8000,1200.0,0,2,''),(126,'阿华华','本部门基础工作','2019-06-17',8000,1200.0,0,2,''),(127,'阿华妹','本部门基础工作','2019-06-17',8000,1200.0,0,2,''),(128,'阿华子','本部门基础工作','2019-06-17',8000,1200.0,0,2,''),(129,'阿骅','本部门基础工作','2019-06-17',8000,1200.0,0,2,''),(130,'阿淮','本部门基础工作','2019-06-17',8000,1200.0,0,2,''),(131,'阿欢','本部门基础工作','2019-06-17',8000,1200.0,0,2,''),(132,'阿欢欢','本部门基础工作','2019-06-17',8000,1200.0,0,2,''),(133,'阿环','本部门基础工作','2019-06-17',8000,1200.0,0,2,''),(134,'阿桓','本部门基础工作','2019-06-17',8000,1200.0,0,2,''),(135,'阿煌','本部门基础工作','2019-06-17',8000,1200.0,0,2,''),(136,'阿珲','本部门基础工作','2019-06-17',8000,1200.0,0,2,''),(137,'阿晖','本部门基础工作','2019-06-17',8000,1200.0,0,2,''),(138,'阿辉','本部门基础工作','2019-06-17',8000,1200.0,0,2,''),(139,'阿辉辉','本部门基础工作','2019-06-17',8000,1200.0,0,2,''),(140,'阿卉','本部门基础工作','2019-06-17',8000,1200.0,0,2,''),(141,'阿会','本部门基础工作','2019-06-17',8000,1200.0,0,2,''),(142,'阿惠','本部门基础工作','2019-06-17',8000,1200.0,0,2,''),(143,'阿慧','本部门基础工作','2019-06-17',8000,1200.0,0,2,''),(144,'阿慧儿','本部门基础工作','2019-06-17',8000,1200.0,0,2,''),(145,'阿慧慧','本部门基础工作','2019-06-17',8000,1200.0,0,2,''),(146,'阿蕙','本部门基础工作','2019-06-17',8000,1200.0,0,2,''),(147,'阿姬','本部门基础工作','2019-06-17',8000,1200.0,0,2,''),(148,'阿基米','本部门基础工作','2019-06-17',8000,1200.0,0,2,''),(149,'阿吉吉','本部门基础工作','2019-06-17',8000,1200.0,0,2,''),(150,'阿纪','本部门基础工作','2019-06-17',8000,1200.0,0,2,''),(151,'阿季','本部门基础工作','2019-06-17',8000,1200.0,0,2,''),(152,'阿继','本部门基础工作','2019-06-17',8000,1200.0,0,2,''),(153,'阿骥','本部门基础工作','2019-06-17',8000,1200.0,0,2,''),(154,'阿佳','本部门基础工作','2019-06-17',8000,1200.0,0,2,''),(155,'阿佳佳','本部门基础工作','2019-06-17',8000,1200.0,0,2,''),(156,'阿佳妮','本部门基础工作','2019-06-17',8000,1200.0,0,2,''),(157,'阿嘉','本部门基础工作','2019-06-17',8000,1200.0,0,2,''),(158,'阿坚','本部门基础工作','2019-06-17',8000,1200.0,0,2,''),(159,'阿建','本部门基础工作','2019-06-17',8000,1200.0,0,2,''),(160,'阿剑','本部门基础工作','2019-06-17',8000,1200.0,0,2,''),(161,'阿健','本部门基础工作','2019-06-17',8000,1200.0,0,2,''),(162,'阿江','本部门基础工作','2019-06-17',8000,1200.0,0,2,''),(163,'阿娇娇','本部门基础工作','2019-06-17',8000,1200.0,0,2,''),(164,'阿娇妹','本部门基础工作','2019-06-17',8000,1200.0,0,2,''),(165,'阿杰','本部门基础工作','2019-06-17',8000,1200.0,0,2,''),(166,'阿杰杰','本部门基础工作','2019-06-17',8000,1200.0,0,2,''),(167,'阿洁','本部门基础工作','2019-06-17',8000,1200.0,0,2,''),(168,'阿捷','本部门基础工作','2019-06-17',8000,1200.0,0,2,''),(169,'阿婕','本部门基础工作','2019-06-17',8000,1200.0,0,2,''),(170,'阿津','本部门基础工作','2019-06-17',8000,1200.0,0,2,''),(171,'阿瑾','本部门基础工作','2019-06-17',8000,1200.0,0,2,''),(172,'阿进','本部门基础工作','2019-06-17',8000,1200.0,0,2,''),(173,'阿劲','本部门基础工作','2019-06-17',8000,1200.0,0,2,''),(174,'阿晋','本部门基础工作','2019-06-17',8000,1200.0,0,2,''),(175,'阿京','本部门基础工作','2019-06-17',8000,1200.0,0,2,''),(176,'阿菁','本部门基础工作','2019-06-17',8000,1200.0,0,2,''),(177,'阿晶','本部门基础工作','2019-06-17',8000,1200.0,0,2,''),(178,'阿晶晶','本部门基础工作','2019-06-17',8000,1200.0,0,2,''),(179,'阿景','本部门基础工作','2019-06-17',8000,1200.0,0,2,''),(180,'阿婧','本部门基础工作','2019-06-17',8000,1200.0,0,2,''),(181,'阿敬','本部门基础工作','2019-06-17',8000,1200.0,0,2,''),(182,'阿静','本部门基础工作','2019-06-17',8000,1200.0,0,2,''),(183,'阿静儿','本部门基础工作','2019-06-17',8000,1200.0,0,2,''),(184,'阿静静','本部门基础工作','2019-06-17',8000,1200.0,0,2,''),(185,'阿九九','本部门基础工作','2019-06-17',8000,1200.0,0,2,''),(186,'阿桔','本部门基础工作','2019-06-17',8000,1200.0,0,2,''),(187,'阿菊','本部门基础工作','2019-06-17',8000,1200.0,0,2,''),(188,'阿涓','本部门基础工作','2019-06-17',8000,1200.0,0,2,''),(189,'阿娟娟','本部门基础工作','2019-06-17',8000,1200.0,0,2,''),(190,'阿娟子','本部门基础工作','2019-06-17',8000,1200.0,0,2,''),(191,'阿鹃','本部门基础工作','2019-06-17',8000,1200.0,0,2,''),(192,'阿军','本部门基础工作','2019-06-17',8000,1200.0,0,2,''),(193,'阿均','本部门基础工作','2019-06-17',8000,1200.0,0,2,''),(194,'阿君','本部门基础工作','2019-06-17',8000,1200.0,0,2,''),(195,'阿君君','本部门基础工作','2019-06-17',8000,1200.0,0,2,''),(196,'阿俊','本部门基础工作','2019-06-17',8000,1200.0,0,2,''),(197,'阿俊俊','本部门基础工作','2019-06-17',8000,1200.0,0,2,''),(198,'阿骏','本部门基础工作','2019-06-17',8000,1200.0,0,2,''),(199,'阿卡丽','本部门基础工作','2019-06-17',8000,1200.0,0,2,''),(200,'阿凯','本部门基础工作','2019-06-17',8000,1200.0,0,2,''),(201,'阿恺','本部门基础工作','2019-06-17',8000,1200.0,0,3,''),(202,'阿珂','本部门基础工作','2019-06-17',8000,1200.0,0,3,''),(203,'阿科','本部门基础工作','2019-06-17',8000,1200.0,0,3,''),(204,'阿可','本部门基础工作','2019-06-17',8000,1200.0,0,3,''),(205,'阿克','本部门基础工作','2019-06-17',8000,1200.0,0,3,''),(206,'阿克江','本部门基础工作','2019-06-17',8000,1200.0,0,3,''),(207,'阿克力','本部门基础工作','2019-06-17',8000,1200.0,0,3,''),(208,'阿奎','本部门基础工作','2019-06-17',8000,1200.0,0,3,''),(209,'阿葵','本部门基础工作','2019-06-17',8000,1200.0,0,3,''),(210,'阿魁','本部门基础工作','2019-06-17',8000,1200.0,0,3,''),(211,'阿昆','本部门基础工作','2019-06-17',8000,1200.0,0,3,''),(212,'阿琨','本部门基础工作','2019-06-17',8000,1200.0,0,3,''),(213,'阿鲲','本部门基础工作','2019-06-17',8000,1200.0,0,3,''),(214,'阿拉拉','本部门基础工作','2019-06-17',8000,1200.0,0,3,''),(215,'阿来夫','本部门基础工作','2019-06-17',8000,1200.0,0,3,''),(216,'阿来来','本部门基础工作','2019-06-17',8000,1200.0,0,3,''),(217,'阿兰','本部门基础工作','2019-06-17',8000,1200.0,0,3,''),(218,'阿兰兰','本部门基础工作','2019-06-17',8000,1200.0,0,3,''),(219,'阿兰妹','本部门基础工作','2019-06-17',8000,1200.0,0,3,''),(220,'阿兰娜','本部门基础工作','2019-06-17',8000,1200.0,0,3,''),(221,'阿兰子','本部门基础工作','2019-06-17',8000,1200.0,0,3,''),(222,'阿岚','本部门基础工作','2019-06-17',8000,1200.0,0,3,''),(223,'阿澜','本部门基础工作','2019-06-17',8000,1200.0,0,3,''),(224,'阿雷','本部门基础工作','2019-06-17',8000,1200.0,0,3,''),(225,'阿磊','本部门基础工作','2019-06-17',8000,1200.0,0,3,''),(226,'阿磊磊','本部门基础工作','2019-06-17',8000,1200.0,0,3,''),(227,'阿蕾','本部门基础工作','2019-06-17',8000,1200.0,0,3,''),(228,'阿蕾蕾','本部门基础工作','2019-06-17',8000,1200.0,0,3,''),(229,'阿礼','本部门基础工作','2019-06-17',8000,1200.0,0,3,''),(230,'阿里曼','本部门基础工作','2019-06-17',8000,1200.0,0,3,''),(231,'阿理','本部门基础工作','2019-06-17',8000,1200.0,0,3,''),(232,'阿力力','本部门基础工作','2019-06-17',8000,1200.0,0,3,''),(233,'阿历','本部门基础工作','2019-06-17',8000,1200.0,0,3,''),(234,'阿立','本部门基础工作','2019-06-17',8000,1200.0,0,3,''),(235,'阿丽达','本部门基础工作','2019-06-17',8000,1200.0,0,3,''),(236,'阿丽丽','本部门基础工作','2019-06-17',8000,1200.0,0,3,''),(237,'阿丽妹','本部门基础工作','2019-06-17',8000,1200.0,0,3,''),(238,'阿丽娜','本部门基础工作','2019-06-17',8000,1200.0,0,3,''),(239,'阿丽莎','本部门基础工作','2019-06-17',8000,1200.0,0,3,''),(240,'阿丽丝','本部门基础工作','2019-06-17',8000,1200.0,0,3,''),(241,'阿丽雅','本部门基础工作','2019-06-17',8000,1200.0,0,3,''),(242,'阿丽亚','本部门基础工作','2019-06-17',8000,1200.0,0,3,''),(243,'阿丽娅','本部门基础工作','2019-06-17',8000,1200.0,0,3,''),(244,'阿丽叶','本部门基础工作','2019-06-17',8000,1200.0,0,3,''),(245,'阿丽莹','本部门基础工作','2019-06-17',8000,1200.0,0,3,''),(246,'阿利','本部门基础工作','2019-06-17',8000,1200.0,0,3,''),(247,'阿利利','本部门基础工作','2019-06-17',8000,1200.0,0,3,''),(248,'阿利雅','本部门基础工作','2019-06-17',8000,1200.0,0,3,''),(249,'阿利亚','本部门基础工作','2019-06-17',8000,1200.0,0,3,''),(250,'阿利娅','本部门基础工作','2019-06-17',8000,1200.0,0,3,''),(251,'阿莉','本部门基础工作','2019-06-17',8000,1200.0,0,3,''),(252,'阿莉莉','本部门基础工作','2019-06-17',8000,1200.0,0,3,''),(253,'阿莉莎','本部门基础工作','2019-06-17',8000,1200.0,0,3,''),(254,'阿莉雅','本部门基础工作','2019-06-17',8000,1200.0,0,3,''),(255,'阿莉亚','本部门基础工作','2019-06-17',8000,1200.0,0,3,''),(256,'阿莉娅','本部门基础工作','2019-06-17',8000,1200.0,0,3,''),(257,'阿栗','本部门基础工作','2019-06-17',8000,1200.0,0,3,''),(258,'阿莲妹','本部门基础工作','2019-06-17',8000,1200.0,0,3,''),(259,'阿莲娜','本部门基础工作','2019-06-17',8000,1200.0,0,3,''),(260,'阿亮','本部门基础工作','2019-06-17',8000,1200.0,0,3,''),(261,'阿亮亮','本部门基础工作','2019-06-17',8000,1200.0,0,3,''),(262,'阿靓','本部门基础工作','2019-06-17',8000,1200.0,0,3,''),(263,'阿列','本部门基础工作','2019-06-17',8000,1200.0,0,3,''),(264,'阿列夫','本部门基础工作','2019-06-17',8000,1200.0,0,3,''),(265,'阿邻','本部门基础工作','2019-06-17',8000,1200.0,0,3,''),(266,'阿林','本部门基础工作','2019-06-17',8000,1200.0,0,3,''),(267,'阿琳','本部门基础工作','2019-06-17',8000,1200.0,0,3,''),(268,'阿琳琳','本部门基础工作','2019-06-17',8000,1200.0,0,3,''),(269,'阿琳娜','本部门基础工作','2019-06-17',8000,1200.0,0,3,''),(270,'阿霖','本部门基础工作','2019-06-17',8000,1200.0,0,3,''),(271,'阿麟','本部门基础工作','2019-06-17',8000,1200.0,0,3,''),(272,'阿灵','本部门基础工作','2019-06-17',8000,1200.0,0,3,''),(273,'阿玲','本部门基础工作','2019-06-17',8000,1200.0,0,3,''),(274,'阿玲玲','本部门基础工作','2019-06-17',8000,1200.0,0,3,''),(275,'阿玲妹','本部门基础工作','2019-06-17',8000,1200.0,0,3,''),(276,'阿铃','本部门基础工作','2019-06-17',8000,1200.0,0,3,''),(277,'阿凌','本部门基础工作','2019-06-17',8000,1200.0,0,3,''),(278,'阿菱','本部门基础工作','2019-06-17',8000,1200.0,0,3,''),(279,'阿领','本部门基础工作','2019-06-17',8000,1200.0,0,3,''),(280,'阿柳','本部门基础工作','2019-06-17',8000,1200.0,0,3,''),(281,'阿龙龙','本部门基础工作','2019-06-17',8000,1200.0,0,3,''),(282,'阿鲁鲁','本部门基础工作','2019-06-17',8000,1200.0,0,3,''),(283,'阿鹿','本部门基础工作','2019-06-17',8000,1200.0,0,3,''),(284,'阿路路','本部门基础工作','2019-06-17',8000,1200.0,0,3,''),(285,'阿璐','本部门基础工作','2019-06-17',8000,1200.0,0,3,''),(286,'阿璐璐','本部门基础工作','2019-06-17',8000,1200.0,0,3,''),(287,'阿鹭','本部门基础工作','2019-06-17',8000,1200.0,0,3,''),(288,'阿露','本部门基础工作','2019-06-17',8000,1200.0,0,3,''),(289,'阿露露','本部门基础工作','2019-06-17',8000,1200.0,0,3,''),(290,'阿鸾','本部门基础工作','2019-06-17',8000,1200.0,0,3,''),(291,'阿罗罗','本部门基础工作','2019-06-17',8000,1200.0,0,3,''),(292,'阿迈','本部门基础工作','2019-06-17',8000,1200.0,0,3,''),(293,'阿曼','本部门基础工作','2019-06-17',8000,1200.0,0,3,''),(294,'阿玫','本部门基础工作','2019-06-17',8000,1200.0,0,3,''),(295,'阿梅','本部门基础工作','2019-06-17',8000,1200.0,0,3,''),(296,'阿梅梅','本部门基础工作','2019-06-17',8000,1200.0,0,3,''),(297,'阿湄','本部门基础工作','2019-06-17',8000,1200.0,0,3,''),(298,'阿美美','本部门基础工作','2019-06-17',8000,1200.0,0,3,''),(299,'阿美子','本部门基础工作','2019-06-17',8000,1200.0,0,3,''),(300,'阿媚媚','本部门基础工作','2019-06-17',8000,1200.0,0,3,''),(301,'阿萌','本部门基础工作','2019-06-17',8000,1200.0,0,4,''),(302,'阿蒙蒙','本部门基础工作','2019-06-17',8000,1200.0,0,4,''),(303,'阿梦梦','本部门基础工作','2019-06-17',8000,1200.0,0,4,''),(304,'阿米拉','本部门基础工作','2019-06-17',8000,1200.0,0,4,''),(305,'阿米米','本部门基础工作','2019-06-17',8000,1200.0,0,4,''),(306,'阿米娜','本部门基础工作','2019-06-17',8000,1200.0,0,4,''),(307,'阿密','本部门基础工作','2019-06-17',8000,1200.0,0,4,''),(308,'阿勉','本部门基础工作','2019-06-17',8000,1200.0,0,4,''),(309,'阿苗','本部门基础工作','2019-06-17',8000,1200.0,0,4,''),(310,'阿渺','本部门基础工作','2019-06-17',8000,1200.0,0,4,''),(311,'阿民','本部门基础工作','2019-06-17',8000,1200.0,0,4,''),(312,'阿珉','本部门基础工作','2019-06-17',8000,1200.0,0,4,''),(313,'阿敏儿','本部门基础工作','2019-06-17',8000,1200.0,0,4,''),(314,'阿敏敏','本部门基础工作','2019-06-17',8000,1200.0,0,4,''),(319,'阿鸣','本部门基础工作','2019-06-17',8000,1200.0,0,4,''),(320,'阿那','本部门基础工作','2019-06-17',8000,1200.0,0,4,''),(321,'阿纳','本部门基础工作','2019-06-17',8000,1200.0,0,4,''),(322,'阿娜','本部门基础工作','2019-06-17',8000,1200.0,0,4,''),(323,'阿娜娜','本部门基础工作','2019-06-17',8000,1200.0,0,4,''),(324,'阿楠','本部门基础工作','2019-06-17',8000,1200.0,0,4,''),(326,'阿妮娜','本部门基础工作','2019-06-17',8000,1200.0,0,4,''),(327,'阿妮妮','本部门基础工作','2019-06-17',8000,1200.0,0,4,''),(328,'阿念','本部门基础工作','2019-06-17',8000,1200.0,0,4,''),(329,'阿宁','本部门基础工作','2019-06-17',8000,1200.0,0,4,''),(330,'阿盼','本部门基础工作','2019-06-17',8000,1200.0,0,4,''),(331,'阿培','本部门基础工作','2019-06-17',8000,1200.0,0,4,''),(332,'阿沛','本部门基础工作','2019-06-17',8000,1200.0,0,4,''),(333,'阿佩','本部门基础工作','2019-06-17',8000,1200.0,0,4,''),(334,'阿霈','本部门基础工作','2019-06-17',8000,1200.0,0,4,''),(335,'阿朋','本部门基础工作','2019-06-17',8000,1200.0,0,4,''),(336,'阿蓬','本部门基础工作','2019-06-17',8000,1200.0,0,4,''),(337,'阿鹏','本部门基础工作','2019-06-17',8000,1200.0,0,4,''),(338,'阿品','本部门基础工作','2019-06-17',8000,1200.0,0,4,''),(339,'阿平','本部门基础工作','2019-06-17',8000,1200.0,0,4,''),(340,'阿平妹','本部门基础工作','2019-06-17',8000,1200.0,0,4,''),(341,'阿平平','本部门基础工作','2019-06-17',8000,1200.0,0,4,''),(342,'阿苹','本部门基础工作','2019-06-17',8000,1200.0,0,4,''),(343,'阿屏','本部门基础工作','2019-06-17',8000,1200.0,0,4,''),(344,'阿萍','本部门基础工作','2019-06-17',8000,1200.0,0,4,''),(345,'阿萍萍','本部门基础工作','2019-06-17',8000,1200.0,0,4,''),(346,'阿坡','本部门基础工作','2019-06-17',8000,1200.0,0,4,''),(347,'阿璞','本部门基础工作','2019-06-17',8000,1200.0,0,4,''),(348,'阿齐','本部门基础工作','2019-06-17',8000,1200.0,0,4,''),(349,'阿奇','本部门基础工作','2019-06-17',8000,1200.0,0,4,''),(350,'阿琪','本部门基础工作','2019-06-17',8000,1200.0,0,4,''),(351,'阿琪琪','本部门基础工作','2019-06-17',8000,1200.0,0,5,''),(352,'阿琦','本部门基础工作','2019-06-17',8000,1200.0,0,5,''),(353,'阿棋','本部门基础工作','2019-06-17',8000,1200.0,0,5,''),(354,'阿祺','本部门基础工作','2019-06-17',8000,1200.0,0,5,''),(355,'阿契','本部门基础工作','2019-06-17',8000,1200.0,0,5,''),(356,'阿芊','本部门基础工作','2019-06-17',8000,1200.0,0,5,''),(357,'阿谦','本部门基础工作','2019-06-17',8000,1200.0,0,5,''),(358,'阿前','本部门基础工作','2019-06-17',8000,1200.0,0,5,''),(359,'阿乾','本部门基础工作','2019-06-17',8000,1200.0,0,5,''),(360,'阿茜','本部门基础工作','2019-06-17',8000,1200.0,0,5,''),(361,'阿倩','本部门基础工作','2019-06-17',8000,1200.0,0,5,''),(362,'阿倩倩','本部门基础工作','2019-06-17',8000,1200.0,0,5,''),(363,'阿强','本部门基础工作','2019-06-17',8000,1200.0,0,5,''),(364,'阿乔','本部门基础工作','2019-06-17',8000,1200.0,0,5,''),(365,'阿桥','本部门基础工作','2019-06-17',8000,1200.0,0,5,''),(366,'阿巧','本部门基础工作','2019-06-17',8000,1200.0,0,5,''),(367,'阿俏','本部门基础工作','2019-06-17',8000,1200.0,0,5,''),(368,'阿钦','本部门基础工作','2019-06-17',8000,1200.0,0,5,''),(369,'阿芹','本部门基础工作','2019-06-17',8000,1200.0,0,5,''),(370,'阿秦','本部门基础工作','2019-06-17',8000,1200.0,0,5,''),(371,'阿琴','本部门基础工作','2019-06-17',8000,1200.0,0,5,''),(372,'阿勤','本部门基础工作','2019-06-17',8000,1200.0,0,5,''),(373,'阿青','本部门基础工作','2019-06-17',8000,1200.0,0,5,''),(374,'阿青妹','本部门基础工作','2019-06-17',8000,1200.0,0,5,''),(375,'阿卿','本部门基础工作','2019-06-17',8000,1200.0,0,5,''),(376,'阿清','本部门基础工作','2019-06-17',8000,1200.0,0,5,''),(377,'阿晴','本部门基础工作','2019-06-17',8000,1200.0,0,5,''),(378,'阿琼','本部门基础工作','2019-06-17',8000,1200.0,0,5,''),(379,'阿秋秋','本部门基础工作','2019-06-17',8000,1200.0,0,5,''),(380,'阿曲','本部门基础工作','2019-06-17',8000,1200.0,0,5,''),(381,'阿泉','本部门基础工作','2019-06-17',8000,1200.0,0,5,''),(382,'阿群','本部门基础工作','2019-06-17',8000,1200.0,0,5,''),(383,'阿然','本部门基础工作','2019-06-17',8000,1200.0,0,5,''),(384,'阿戎','本部门基础工作','2019-06-17',8000,1200.0,0,5,''),(385,'阿荣','本部门基础工作','2019-06-17',8000,1200.0,0,5,''),(386,'阿容','本部门基础工作','2019-06-17',8000,1200.0,0,5,''),(387,'阿蓉','本部门基础工作','2019-06-17',8000,1200.0,0,5,'data:image/jpeg;base64,/9j/4AAQSkZJRgABAQAAAQABAAD/2wCEAAkGBxISEhUTEhMVFhUWFRYXGRYYFRUXFxgVFxYXFhcYFxUYHSggGBolGxUVITEhJSkrLi4uFx8zODMtNygtLi0BCgoKDg0OGhAQGi0dIB8uLS0rKy0rLS0tLS0tKy0tLS0tLS0tLS0tLS0tLS0rLS0tLS0tLS0tLS0tLTctKy0tK//AABEIAP8AxgMBIgACEQEDEQH/xAAcAAABBQEBAQAAAAAAAAAAAAAAAQMEBQYCBwj/xABBEAABAwEGAwQIBAQEBwEAAAABAAIRAwQFEiExQVFhcQYigZEHEzJCobHR8BRScsEjYuHxM3OSohUkU2OCssIl/8QAGgEAAgMBAQAAAAAAAAAAAAAAAQMAAgQFBv/EACYRAAICAgICAgMAAwEAAAAAAAABAgMREgQhMUETMiJRYRQjcZH/2gAMAwEAAhEDEQA/APKUiVIvVHOFQkQoQEIQgQEspEKEFlLiXKFNmTB2HJQ5NoVlNgwO4kspmUocr7g1HUqbDkocrKQMHSEShEAIQhEgIQhAgIQhEgIQhQg0hCFnLghCFAghCRAgqRKkUIKhIhAgqF1TpOd7IJ6CU+276pzwkDicgg5xXlhwRYQnKlMjVNhRST8MmARKIRCtkAspcSSEI7MB0HJQ5NolW3JgdlKmpShytuDUcQuMSXErKSBg6QklCOSDaEShILAhCVAgiEFCBAQla2TA3VlRZTp/9yp07reg3KVdfGtdloxbEsly1agBiATAnV3Ru6tmdnMI9nG7WSe6M4gjQHqSuKt8ucM3S85BoEAD+aM3ecdU7Z73a0YXlxjMhskl22YyA5Bc6XLlPrOEN+PAybKRJe8TJhoypjwA73Rc2h+HMzUdGkkBvhMeQUkXjR1gk5k64gNgOeu/kmvx1MtwhrcTjscg0ZklxjEee5SMot2UNuo13kEw1ukSTE8Ttln0UOqx4DcOcyMWxIMALSVjTgvqH2T3WDRx3j+UZZ7nouQ2k6lTYBgq+se9xiQ2lIIzOu3UzwRUf0w7fwzM1GkhwzAkgjPwT7Xgjnw3jj0WhtdndUeBhEs7pMEBzIkzwI1hQn2DA8VmNxBpONhzB1bM7iSE+F9kH32ijUZfwrCEK9dZqdWm3NrXTAIznL3twfgqq3WJ9J2F4z2OxHEcV0K7VNCWRkIQnEBCEKEBCEKECUIQplhFQhKiVESoQgQQpQOCAF1VOEfTjwWbkchVR/oyuGzFa/Dpqd943hLrmNANZ1O5UWlTc+TGQIl3XRo6qQ2mcHrDpo3+Y6ZeOS4VljnLLZtjDC6APgQDBOp5b9OC7o03kGBn5ZcSTorzs3cD67gSYbOsA+XNam87kp0aYYBm45xmcIzcTxJ08Vmnek8IfGltZZ53SouA3jjECOSfovOgAMu1JOZ3JOq1NsuhwaC5sEg9GjgOcKspXM4SSCAAMt5IyHln4qK5AdTM/bGEmXH4Rls0AaDL6ruyVyKjqtQg4W5Ny1iAAN1cuuuo7usGI6mBkBwngpNj7I1Xu7+QylxECNgmK9R7yU+FvrBQU73rubkXDM6c2wZ8vkru7+0DadNjHsBjJxOhGw57+Sur0uVtnoOIESIB/l3PKcueyyVz3A6vVGzAZJ6SfPIK9fLfbZWfG9FxcV4Mea1QsaKQkFpEnutLg4HYwCOElNW59Ou0mmI4idzpE/NVt8UvUFzYOE1DlpILTv1KhWLEATnk0E6mR73jv4LVC/w0Z5U4Y29sGCuYU+tQnQ5+Y6g7g/BQCuvRcrFn2IlHDEQlQnFQSJUiJBEIQoE6QhCJUVCEBVbwgi0zqdhqeZ0A56qRd13Gu7MkAAkngOA4Litha1rcyZOQyk5SZ1PBbLsvZoaAABOp3P8ATJea5d7k3JnRor9ESx3Ga2EOaadmZto6oeEc8vBWFs7OutL2sgNY2CQNAB7LB5a9VqmURlpxlTaLBsuVK6WejoKpYGrru5lJoAGgj75qc2wtLsb84GWX3tCcp0sk/hKTl5GfwiVruY8k+Wew0UevcgOTIbxcNRxwg781aU2HgE8GckUwNFbZ7sZTaGUmho1J1JPEz7R5lOss7G5xJ23gnUxx5qS/4JktceP31QyFIpbwukVqk1CMA93MFzti46ZcEtO7mMlrWx0j+yufUu5+IH7KLUZ/dHZhwjFdrLla6mctBPPgV53aKUFobqThA3z2PVe116OIFpE5acoXnN93MWuMDOQQRtBla+NbjpmTkV+0V1cFtJjXZOAy/T7Qz5SVXV28N1YPDKjiYcH45AkZ0/eGfDbooBBjlnB8dF2+PZrYmvDObOP44fkYQhC7JlBIlQoEEIQoQVCEKwAXdNm+w8VylYciCs/Jz8TwXh9kdMbL2yMz8G7NHzK9MuOhha2dYC8yu9s1W8z8/wB16vZRAbyyXlOT+jr0IsWpupa8I1z2HHkuWvEpxzBMxJ+qx4NTZ1/xp7BLo6RKm2LtK0jvUyRxBUAXU46wCeei4N1OGhB6fRX2iU1kaSheFN+YGqlB4OiydmcWmHAhXlCoYVXhFkP17S1o0zVTar6qNzDGx46JLfXMwNUlKxlwzRTSBhsj0u0bnugANP3KebeRcYflwOycN0MGY1Q6zZFrmjrzRbTIotCY1W3jZA6ctlPqtiIz0TVQyfBLXTLvs8uv2zGnUkGA2QDoQRz8VTWaSC2BOY1JJ3nXX6rY9trNGex1+qw9kcW1Qdjv4Zrr8Wfg5nIjjI4hd1QJMZicui4Xpl4OaCEqREgIQhQIqEIRAC7o69clyuqLoIPNLsWYtBT7HLMYqAxoR8F6lZDLAeQXlGLvdTPgCIXq90mWN6D5LyXJWMHZ4/eSa1khRbZegpMnfb+yuadDdRvwLTPdEnKVjTNWGZ2p2gtAomuxgwAgS7N5BMSKcjLqQoVzdvaryWV6OCBJeDIAmM59lauvYaeFzXMDgRmIDp6xquLuuinBFOz02Nd7XdABjjx6JjnXrjBTWec5CjUNQB40zzHJaS72fwweShOs7WNDGgACBAAA8Ap1n0AlZ3IZgp7dTIJfHH4Zqmf2hfOCkw1KmwboOZOg2Wta3Mj7lVFS7m0XYmsDZMy0QJOswrxa9gafoxdq9I1SnU9W+z4mjJxbjEO0IAc0TB8FqLmv5tcFu42OoMaFRndnbM6r60saXzize+J44Jwz4Kzbc9MuxQA8nNzR8CYTZyg/qisFNeTsuTRbnOas/wAI0CIzCjWilASslzE9tyPVjnIXnxoEZ75H4SJ5Fb3to+WBvMx1hYuYPEZDnEAjyW/j/VGG/wCzGX6pE9a3AulukD5CfjKZXq6/qsnJfkEiVIrgBCEKEFQhChAV72OsNOpWc6qA5lJhfhOjnSA0HlJVGtP2ADXVqtN3v0THVrg79lj50pRom4+cD+Mk7Ypkm/7lpupuqU2FjxAwDTvETn025rS3KYY0fyhWb7IwSwDuwMz5yq2xNwmOBI+K8pvtHDO04KMujQ2d6sqFIHZUlGporSjXgJGBpIdQA1CiV7bnhaJTN420tYSMydBz2VU576YBgvIHeAEkk6kDdVxlll4LnA+QXlWTKQy7zeOvzXm9e+bwfVL6dI+qHuPpuaSNCcRMz0Cs7T2qDWEDN8D+Hnjk7QE34xexratN3tN08wiz1w6WEQeeh6Lz27u09ubV/wCYaKdMgwwU6nh3t1rLG57wXwRoWgiCY1MFVlBxLReyLapYht8gU9QsgamLNbMsz4KWbQEERoZr5Kqtb8lNrVpVRbHbKLyRmG7bgkNAzkn4qDY+ytV4a9zmsHdcXPMDQRn+y1brKKtQSJgiANyTp8E9e12PLRmMY9ycgOAWyNmiS8GZ17y7PNL1u99CqadSJ9oEGWuadHNO4+ihrV9sLMRRszzqA9nhjLgPisoV6vjWu2qM37OPdBQscV6BCEJ4oEJEqhAlKkQEMkH7NZnVDhYJJ2Wr7P8AZm20a9KsKRIa4TzacnDyKsvRHdzatR7nCcMQvamWDu5AaLJyroxTg15L1Rk5bJ+DDBs+sHDCR0GUffBUlLPT85+eS0d4UDTquaQe9nkYkH6GVm6GT3tnRxjzXk9NG4/o7+2yUv2WbWKUxyYop/1YxAnbTMxJy03SslzoUpzPhwTFSjnMxz0T9oeA2SYELNXxVtFY4aXcEauMSTyGaMIbMtkt32ygDDnSd804LZZmuBDWZbwPiSVgG9lLe4k4mRtDj5Hin29kLWTJdTDebnZmBsn/ABR/YM/w9HoWtrs6bh0B/ZSbOwTmMzmvN7LcFtomW1WP3AGIHpJWtui8LRAbXovYdMUtIPkUqcEvZG8F7WphpkJl1RdFxOZ3Tb2GEtEyMuOaq7e+CrWq2FSXg6JP3mrxXZVsYoyKb6kxDxB8YVtZtM9XM8gf3+qgWWyFzKQPsSXO555KP2svN9Cg51P2nOAB2a0bp1dbutUF7Kzmq63N+jOekq2M9ZTs7DPqm96PzOgx4LFwtTc/ZStam+tcT3jMnfmqq+rlqWepgcJnTmvY1wjCKgvR5yVmz2fsqkLXXN2BtVcBxAY06TqpN5+jmvSaXBzXRtujvHOMkyYhKu61ItJBEEIR7CuzhAQlVgHqfoT1q+C9hrOOAxwXhfopvdlF72OMYohewm3gsyXL5cG7Mmih/i0Zu2E1Kwpl+FxBwkiRzGXgqa/rvNC0xixYmteDEAzkRHULrtNeQoObVJzYfsJ6+ryp2qjQtFMg4SWOHAPzbPRwI8Vk5nGTh8iXZo41720bEslQbqU4iVVsPBSXVTE/cLgtHVTH6xmOCbNGTpnPim6c6hTbO/73QzgKK6rdNpnFTqNbtBJjrA3Ttnui0TNSuDnoAf3V1Tqt0Jz4LsOarbMtkYo2eBnqkcwHLmnqlRuyi1Xx9NvNUbAOOIbkUOcCB96qrtdfEVy+uYRSK5JtptA4rN3lWxHLjpzOQHmprpIk+K67OWQVLZSB9lh9a7ozMDxdhWimGZYFzlhZLetd1SiBSdSdOEAQC5pPIjnxTvazs8Bdz2kfxMOI7wRmGg8h5rcMtYnVV161G1GPaTkQQulxqfis2RhvtdlepSdj7G02SiY1pt+Sj3ncFOraqTnCQxpMcyVb9naYp0WM/KI8M0VLSBXDdyJW/d7yaMmqcIp/wmCi1jZMABZi/wC9qQaTjaR1C0N+WT8RZ30mnCXNieBXi15+j+10gZeHAbSc1bjxUu2+wWzcesdGYvy0tqVnuboShQ61ItcWuEEaoXREJdHCEIViHVN5BkEg8lZUu0Nrb7Nd48VWLuiwE56DVUnKMY5foKWXgk2u3V62dRz39U7clpqtqNYxxAc4At2Oe4Tb68BO3FUxWmlxxjPx3WKHKjY9GumMlW4LZej0apipk03iHCJHI6EcQu6VqGhW2v3s8LXQa5kCuwdxx0cN2O5HY7GF5w+QSHAtcCQQdQRqCF56+nWTOtVZtEmG1lumfBOMvPqCqwA7rvAEjVDdmW4vTOYz47wh16GNFUhqA1DCDsye69XKM68nuOcjmmcC5dTRwgNssKNrnMlOvtAOcqoDIH9Vw6oQjqDYtKtpEKJZrXaWPx0W5H2jxA0ATFjouqugacfHRetWG5mNYAANF1OFXGv/AGS7/Ri5MnP8I9fs8qtvbutiDGMOMHMK5tfagtpYnAjLfir9vY+n+MdXjItAAjcbqZf3Z2m+i8YR7J25LqOynKSRhUbMNmIuTtxTc3vuAI2J+Kor67bH8UypTMtYIOeoJzWKtVIse5p1BI8k0tSqinkXs2ke+3D2woV2gh4B3aTBBS39eNIMJLhHULwFriMwSDyXbq7zkXOPIkpX+NHbKGfLLGCVflqbUrPc3QlKq8oWkXgEISokBO0ngZamJjLRNKzuu6mV/bhlOm11Wq87U25ADm5xjwWDnNqtJDqMZKutUlTuzWVopE6Ygq+pTcYMYWmcIJzDPdlOsdBBGyz8Olylu/Be+X46o+m7LebQ0Qdl512ktzatrqECIwhxAyJj5wslQ7bVm08JAJA1lb65LkdVu1hIJqvJrniS7Qf6YAVebSoVtv2X49mZL+FNTporUU5TEdJjoeBGxU3ACBK4DZ1EineS3UKP+KV7aKGXH5qpr3eNQimiNHLbQunVZGSWz2InkOP0VlSsbRtPMqNoGCrDSdASlFicdfL6q5LA0Zqxum4alfvOmnS3do5/Jg4fzKRbb6I0kuxeyN3CC46SGtPEgy4/IL0Cx1RELMdoHNs1lfUpt7tBmMNGpa0guz4xJz3WVtvpBpMY11N2LFtvG8jYhdrj0udaSOdbYlJtnqge1MXg8ERyXm9X0g0hTxBwJjSc56KbYO1rK1MPxDMZidORTv8AFmuynzRfR5Z28sPqbbVGzjiHis8Vpu3t4tr2iW54RBKzK6sc47MaEQhCIQKEIUIKhCVRkFa2SANTlkJPkpdurDHDT/DFOmMPFw70PHEEyR0RSZ6umKhHeeCKYP5dC/psOhKh8vsncrFJK6zHqI1fhH+sCZzOqAF0xhJgffVWFGiG6a8fpwWlyUfAtJsaoWPKX9AOZOET4lfRl1UPVsYwe4xrfIAH5Lw3stZhXvGyUDm01RUf+mi01SP9i91stbvZ7k/NcnlWbvH6NdUdSJe/Z1lcl7IZV3MS1/6h+6zNpsL6Rw1GlhJy/Kf0u0K9DABXT7O17S17Q5p1DhIPguXOlPwa4WuJ5s5hAUcWfcxK2l6dmA1pdRcGgZ4Hnu9GuOnisbaadWYa06wcxE9ZWKxOt/kbav8AZ9R2lRk5FP2S7qlZ2Gk0uA1OjW/qdx5a8lMuGw0XEG01WsH5JjFwxP2HRb+nRaGhrAA0DINiI5Qm1V7956FWzcHjHZm7r7NUqUOqRUfzHcB5N949VdVJOqlGkFGqhbYxUfBklJvyVl42QVqdSk7SpTqMP/mwt/dfNFHNoJ1gT1AhfUrKfeHUL5ktFINqVW/lrVW+VRwC28Wbi+hFsUyPSs73kNY0uJ0AWpo9hbW1mMnBInDOfiqvs1fr7DXFZjWvGj2O95vI7O4FevWXtbYrXSxMqYXRJpvyc3iOB8F0nfLrCMjrXtnhdss7qby14gjVMq27UW1ta0Pcz2Zgc4VStOSiEQhCIREIQoQFYXfZWYfW1v8ADGjd6h4fp4nwCltuyiwY6ryQNojEeAaO848k8Gl7g+oIA9inlDQMgXRkXRsMhssVtzk9K/8A0bGOFsytrMrV3F5aZPKGtbGTRO0RkNAAF1Ru3d58B9VaPeTqU25XgtI4QG8sYLABDRlyTRfGZz5LsvnT+g+q5gZ7pU5ZLxRp/RLYXm3evIyFGuB+rug/BxXr5p5dFlPQ/Yf+UZUj37QCdwCW/uAt1Us/BcqT7ZqQ3Za/FRr+7QigA1sGoROejRpJG/RduYQV5d2ktT3Wu0OOgqlo3hjQGt1yGizcmcow/E08WEZzxI0Fqtj67g6o8uOwJ7oHFrBkOsTzQAB98/6Kpuu0S8S4QGjVzSCdTlGeSsatXnkeeWmuS89bKTfbPQ1xSWEsDjqgHgPvI8ynbn7SGy1qbCf4FV2BzScmPd7D2flBORGhyPFUNqtvAn/Ufv8AsuLNdj6+CZDTUYZn8rgcp+a0cSM4zTQjlODrakewVrRGSjurrv1MnNP07MF3zzxX17SWtLo9kE+QlfOd503euqyACajnHq44j819MXlZw6mW/m7vn/RfPHbWqw26qaQhktDeYDQMXiQSnUP8ik0UTmLqi8tMtyP3qnFyWrfGTQhxTJ9N1Kt/iMAdxblPkipc1I+y946gFQGuIMhXFjtIcOfBa67NvIiUMFa+4n+69h6yFGqXTXHuE9CCrmteFNrg3EMRMYRB8+CmB6YpZ8AxjyY+pSc32muHVpCFs/WlKjlgKL8MWtLiS+rhyOgB4NGw+aYsF6h3dqHA8ZcndOBU7GFEqUWYseEF3E/ONJWHGmNR/wBvsTHv4Z/AffRRapJ+g08t/NAOa7lFyyRLAy4QJUOg45mdVMtPslM3ZTxPY0+89o83Cfgs9jwNgj230V03tseBvu1ZI4te2D8c1tmmddVRdjy1lJ2AZAuPhiy+AV++JkaFYGxwzgD5jaF5dbLlrV7RXqtextN1VxEzGHjyGUrdXlaXvxUbODEw+poOgKzN5vFN34ZhmP8AFcOOzB0ylZr5xhDMjRxoSnPESDdVhaxg0cTq6BJ2kA6RlqodpsJaalSm8gZn1ORZO5aRnTOUxJEq4IgQY/aYz/UY6KvtNMuLWTGNzW58zqGjruuDCUnL/p6CSSiLdNxvrHFGWUuMkZ7jjKv7ZcNop4XMeHtbhIAGGCDJ7smQtFZqLWQxmg8c9M/JWTWiB9ld6mqMF0cC6+U2Ld9obVZiAh0d5p1BUphyz2UR9maXSDDuIySVHPMB0Ty+Z+aeZxm+qpDHHUkYGtGwdkTPHNeBekSyilbnMH/TpnzBn5L3q9fZH6h5bLxX0s0//wBAH81Cn8HPCbV9isjJhCWVySt6EiQm6tPFlic3m0x5iF04nbNNitxyPBBv0TBYXRYqLBiaCX7udBPhsrMvVRYX55KdUrACY85GnMLTVJKPQmaeSSChMU3yAY1EoTkymCucfBJKcC5WNj0clASEpQgEKuhUjspYzWtdCk2JdUynId0F37KMSr70aNH/ABKmT7tOo4de63/6KRc+i0D2ns9d7qLA1+TodIkGcjorVrTodvlzXLqvwa4/7ZStqtLQ6NQD8FhHFbf95CzUS4RiPdpt4vO55DVYSx0YMEyTmS6c3H2ict5nmrDtFaPW2pzfdojD1cc3GOcgKM0x5gc5MREjXPVcTnXbT1Xo7vBp0hs/LH46zl+qNR+nVN2Rk16P+YNNJk7nXOV02oDtHEZxxPXIrqxn+PSOvfbmeeemg1WOn7r/AKa7fozeWdoJgBTHsjbNM2VsukbCPFSnBemR5ljbKS5qNExx16DM/RFWsQMlGqg4tdMvqiAfqvY0TkvEvS1naqDhvScPJ/8AVew20d0+AXk/pdoBpsrv8wf+pTKvsVkYNIgIK3iTlcubOq6QjggWNmF2/mpdvPdjjAjrll97KI3XRSakOfTA2l2n5RHzKvHpYKSJgZtwQkAQtIs//9k='),(388,'阿榕','本部门基础工作','2019-06-17',8000,1200.0,0,5,''),(389,'阿茹','本部门基础工作','2019-06-17',8000,1200.0,0,5,''),(390,'阿汝','本部门基础工作','2019-06-17',8000,1200.0,0,5,''),(391,'阿蕊','本部门基础工作','2019-06-17',8000,1200.0,0,5,''),(392,'阿锐','本部门基础工作','2019-06-17',8000,1200.0,0,5,''),(393,'阿瑞','本部门基础工作','2019-06-17',8000,1200.0,0,5,''),(394,'阿瑞娜','本部门基础工作','2019-06-17',8000,1200.0,0,5,''),(395,'阿润','本部门基础工作','2019-06-17',8000,1200.0,0,5,''),(396,'阿赛','本部门基础工作','2019-06-17',8000,1200.0,0,5,''),(397,'阿三弟','本部门基础工作','2019-06-17',8000,1200.0,0,5,''),(398,'阿三妹','本部门基础工作','2019-06-17',8000,1200.0,0,5,''),(399,'阿三三','本部门基础工作','2019-06-17',8000,1200.0,0,5,''),(400,'阿沙','本部门基础工作','2019-06-17',8000,1200.0,0,5,''),(401,'阿纱','本部门基础工作','2019-06-17',8000,1200.0,0,6,''),(403,'阿莎丽','本部门基础工作','2019-06-17',8000,1200.0,0,6,''),(404,'阿杉','本部门基础工作','2019-06-17',8000,1200.0,0,6,''),(405,'阿珊','本部门基础工作','2019-06-17',8000,1200.0,0,6,''),(406,'阿珊妹','本部门基础工作','2019-06-17',8000,1200.0,0,6,''),(407,'阿尚','本部门基础工作','2019-06-17',8000,1200.0,0,6,''),(408,'阿申','本部门基础工作','2019-06-17',8000,1200.0,0,6,''),(409,'阿慎','本部门基础工作','2019-06-17',8000,1200.0,0,6,''),(410,'阿升','本部门基础工作','2019-06-17',8000,1200.0,0,6,''),(411,'阿生','本部门基础工作','2019-06-17',8000,1200.0,0,6,''),(412,'阿声','本部门基础工作','2019-06-17',8000,1200.0,0,6,''),(413,'阿胜','本部门基础工作','2019-06-17',8000,1200.0,0,6,''),(414,'阿盛','本部门基础工作','2019-06-17',8000,1200.0,0,6,''),(415,'阿石','本部门基础工作','2019-06-17',8000,1200.0,0,6,''),(416,'阿实','本部门基础工作','2019-06-17',8000,1200.0,0,6,''),(417,'阿殊','本部门基础工作','2019-06-17',8000,1200.0,0,6,''),(418,'阿舒','本部门基础工作','2019-06-17',8000,1200.0,0,6,''),(419,'阿术','本部门基础工作','2019-06-17',8000,1200.0,0,6,''),(420,'阿述','本部门基础工作','2019-06-17',8000,1200.0,0,6,''),(421,'阿霜','本部门基础工作','2019-06-17',8000,1200.0,0,6,''),(422,'阿爽','本部门基础工作','2019-06-17',8000,1200.0,0,6,''),(423,'阿舜','本部门基础工作','2019-06-17',8000,1200.0,0,6,''),(424,'阿思','本部门基础工作','2019-06-17',8000,1200.0,0,6,''),(425,'阿思根','本部门基础工作','2019-06-17',8000,1200.0,0,6,''),(426,'阿思思','本部门基础工作','2019-06-17',8000,1200.0,0,6,''),(427,'阿斯达','本部门基础工作','2019-06-17',8000,1200.0,0,6,''),(428,'阿斯根','本部门基础工作','2019-06-17',8000,1200.0,0,6,''),(429,'阿斯满','本部门基础工作','2019-06-17',8000,1200.0,0,6,''),(430,'阿斯曼','本部门基础工作','2019-06-17',8000,1200.0,0,6,''),(431,'阿斯娜','本部门基础工作','2019-06-17',8000,1200.0,0,6,''),(432,'阿四妹','本部门基础工作','2019-06-17',8000,1200.0,0,6,''),(433,'阿四四','本部门基础工作','2019-06-17',8000,1200.0,0,6,''),(434,'阿松','本部门基础工作','2019-06-17',8000,1200.0,0,6,''),(435,'阿松桑','本部门基础工作','2019-06-17',8000,1200.0,0,6,''),(436,'阿嵩','本部门基础工作','2019-06-17',8000,1200.0,0,6,''),(437,'阿颂','本部门基础工作','2019-06-17',8000,1200.0,0,6,''),(438,'阿苏林','本部门基础工作','2019-06-17',8000,1200.0,0,6,''),(439,'阿苏苏','本部门基础工作','2019-06-17',8000,1200.0,0,6,''),(440,'阿塔尔','本部门基础工作','2019-06-17',8000,1200.0,0,6,''),(441,'阿台','本部门基础工作','2019-06-17',8000,1200.0,0,6,''),(442,'阿坦','本部门基础工作','2019-06-17',8000,1200.0,0,6,''),(443,'阿涛','本部门基础工作','2019-06-17',8000,1200.0,0,6,''),(444,'阿涛涛','本部门基础工作','2019-06-17',8000,1200.0,0,6,''),(445,'阿滔','本部门基础工作','2019-06-17',8000,1200.0,0,6,''),(446,'阿陶','本部门基础工作','2019-06-17',8000,1200.0,0,6,''),(447,'阿腾','本部门基础工作','2019-06-17',8000,1200.0,0,6,''),(448,'阿田','本部门基础工作','2019-06-17',8000,1200.0,0,6,''),(449,'阿廷','本部门基础工作','2019-06-17',8000,1200.0,0,6,''),(450,'阿庭','本部门基础工作','2019-06-17',8000,1200.0,0,6,''),(451,'阿婷','本部门基础工作','2019-06-17',8000,1200.0,0,7,''),(452,'阿婷婷','本部门基础工作','2019-06-17',8000,1200.0,0,7,''),(453,'阿霆','本部门基础工作','2019-06-17',8000,1200.0,0,7,''),(454,'阿彤','本部门基础工作','2019-06-17',8000,1200.0,0,7,''),(455,'阿桐','本部门基础工作','2019-06-17',8000,1200.0,0,7,''),(456,'阿拓','本部门基础工作','2019-06-17',8000,1200.0,0,7,''),(457,'阿婉','本部门基础工作','2019-06-17',8000,1200.0,0,7,''),(458,'阿威','本部门基础工作','2019-06-17',8000,1200.0,0,7,''),(459,'阿威威','本部门基础工作','2019-06-17',8000,1200.0,0,7,''),(460,'阿薇','本部门基础工作','2019-06-17',8000,1200.0,0,7,''),(461,'阿巍','本部门基础工作','2019-06-17',8000,1200.0,0,7,''),(462,'阿韦','本部门基础工作','2019-06-17',8000,1200.0,0,7,''),(463,'阿唯','本部门基础工作','2019-06-17',8000,1200.0,0,7,''),(464,'阿维','本部门基础工作','2019-06-17',8000,1200.0,0,7,''),(465,'阿维娜','本部门基础工作','2019-06-17',8000,1200.0,0,7,''),(466,'阿伟','本部门基础工作','2019-06-17',8000,1200.0,0,7,''),(467,'阿伟伟','本部门基础工作','2019-06-17',8000,1200.0,0,7,''),(468,'阿纬','本部门基础工作','2019-06-17',8000,1200.0,0,7,''),(469,'阿玮','本部门基础工作','2019-06-17',8000,1200.0,0,7,''),(470,'阿炜','本部门基础工作','2019-06-17',8000,1200.0,0,7,''),(471,'阿卫','本部门基础工作','2019-06-17',8000,1200.0,0,7,''),(472,'阿未','本部门基础工作','2019-06-17',8000,1200.0,0,7,''),(473,'阿畏','本部门基础工作','2019-06-17',8000,1200.0,0,7,''),(474,'阿文儿','本部门基础工作','2019-06-17',8000,1200.0,0,7,''),(475,'阿文文','本部门基础工作','2019-06-17',8000,1200.0,0,7,''),(476,'阿雯','本部门基础工作','2019-06-17',8000,1200.0,0,7,''),(477,'阿雯雯','本部门基础工作','2019-06-17',8000,1200.0,0,7,''),(478,'阿西达','本部门基础工作','2019-06-17',8000,1200.0,0,7,''),(479,'阿西娅','本部门基础工作','2019-06-17',8000,1200.0,0,7,''),(480,'阿希','本部门基础工作','2019-06-17',8000,1200.0,0,7,''),(481,'阿希娜','本部门基础工作','2019-06-17',8000,1200.0,0,7,''),(482,'阿惜','本部门基础工作','2019-06-17',8000,1200.0,0,7,''),(483,'阿熙','本部门基础工作','2019-06-17',8000,1200.0,0,7,''),(484,'阿熹','本部门基础工作','2019-06-17',8000,1200.0,0,7,''),(485,'阿曦','本部门基础工作','2019-06-17',8000,1200.0,0,7,''),(486,'阿玺','本部门基础工作','2019-06-17',8000,1200.0,0,7,''),(487,'阿侠','本部门基础工作','2019-06-17',8000,1200.0,0,7,''),(488,'阿霞','本部门基础工作','2019-06-17',8000,1200.0,0,7,''),(489,'阿夏','本部门基础工作','2019-06-17',8000,1200.0,0,7,''),(490,'阿鲜','本部门基础工作','2019-06-17',8000,1200.0,0,7,''),(491,'阿娴','本部门基础工作','2019-06-17',8000,1200.0,0,7,''),(492,'阿湘','本部门基础工作','2019-06-17',8000,1200.0,0,7,''),(493,'阿潇','本部门基础工作','2019-06-17',8000,1200.0,0,7,''),(494,'阿晓','本部门基础工作','2019-06-17',8000,1200.0,0,7,''),(495,'阿辛','本部门基础工作','2019-06-17',8000,1200.0,0,7,''),(496,'阿昕','本部门基础工作','2019-06-17',8000,1200.0,0,7,''),(497,'阿欣','本部门基础工作','2019-06-17',8000,1200.0,0,7,''),(498,'阿欣欣','本部门基础工作','2019-06-17',8000,1200.0,0,7,''),(499,'阿新','本部门基础工作','2019-06-17',8000,1200.0,0,7,''),(500,'阿馨','本部门基础工作','2019-06-17',8000,1200.0,0,7,''),(501,'阿鑫','本部门基础工作','2019-06-17',8000,1200.0,0,8,''),(502,'阿鑫鑫','本部门基础工作','2019-06-17',8000,1200.0,0,8,''),(503,'阿杏','本部门基础工作','2019-06-17',8000,1200.0,0,8,''),(504,'阿幸','本部门基础工作','2019-06-17',8000,1200.0,0,8,''),(505,'阿秀儿','本部门基础工作','2019-06-17',8000,1200.0,0,8,''),(506,'阿秀秀','本部门基础工作','2019-06-17',8000,1200.0,0,8,''),(507,'阿旭','本部门基础工作','2019-06-17',8000,1200.0,0,8,''),(508,'阿叙','本部门基础工作','2019-06-17',8000,1200.0,0,8,''),(509,'阿轩','本部门基础工作','2019-06-17',8000,1200.0,0,8,''),(510,'阿宣','本部门基础工作','2019-06-17',8000,1200.0,0,8,''),(511,'阿萱','本部门基础工作','2019-06-17',8000,1200.0,0,8,''),(512,'阿玄','本部门基础工作','2019-06-17',8000,1200.0,0,8,''),(513,'阿旋','本部门基础工作','2019-06-17',8000,1200.0,0,8,''),(514,'阿璇','本部门基础工作','2019-06-17',8000,1200.0,0,8,''),(515,'阿学','本部门基础工作','2019-06-17',8000,1200.0,0,8,''),(516,'阿雪','本部门基础工作','2019-06-17',8000,1200.0,0,8,''),(517,'阿雪雪','本部门基础工作','2019-06-17',8000,1200.0,0,8,''),(518,'阿雅娜','本部门基础工作','2019-06-17',8000,1200.0,0,8,''),(519,'阿雅斯','本部门基础工作','2019-06-17',8000,1200.0,0,8,''),(520,'阿雅雅','本部门基础工作','2019-06-17',8000,1200.0,0,8,''),(521,'阿亚','本部门基础工作','2019-06-17',8000,1200.0,0,8,''),(522,'阿亚亚','本部门基础工作','2019-06-17',8000,1200.0,0,8,''),(523,'阿娅','本部门基础工作','2019-06-17',8000,1200.0,0,8,''),(524,'阿延','本部门基础工作','2019-06-17',8000,1200.0,0,8,''),(525,'阿言','本部门基础工作','2019-06-17',8000,1200.0,0,8,''),(526,'阿妍','本部门基础工作','2019-06-17',8000,1200.0,0,8,''),(527,'阿岩','本部门基础工作','2019-06-17',8000,1200.0,0,8,''),(528,'阿炎','本部门基础工作','2019-06-17',8000,1200.0,0,8,''),(529,'阿颜','本部门基础工作','2019-06-17',8000,1200.0,0,8,''),(530,'阿衍','本部门基础工作','2019-06-17',8000,1200.0,0,8,''),(531,'阿彦','本部门基础工作','2019-06-17',8000,1200.0,0,8,''),(532,'阿艳','本部门基础工作','2019-06-17',8000,1200.0,0,8,''),(533,'阿艳妹','本部门基础工作','2019-06-17',8000,1200.0,0,8,''),(534,'阿雁','本部门基础工作','2019-06-17',8000,1200.0,0,8,''),(535,'阿燕','本部门基础工作','2019-06-17',8000,1200.0,0,8,''),(536,'阿燕儿','本部门基础工作','2019-06-17',8000,1200.0,0,8,''),(537,'阿燕妹','本部门基础工作','2019-06-17',8000,1200.0,0,8,''),(538,'阿燕燕','本部门基础工作','2019-06-17',8000,1200.0,0,8,''),(539,'阿燕子','本部门基础工作','2019-06-17',8000,1200.0,0,8,''),(540,'阿扬','本部门基础工作','2019-06-17',8000,1200.0,0,8,''),(541,'阿阳','本部门基础工作','2019-06-17',8000,1200.0,0,8,''),(542,'阿杨','本部门基础工作','2019-06-17',8000,1200.0,0,8,''),(543,'阿洋','本部门基础工作','2019-06-17',8000,1200.0,0,8,''),(544,'阿尧','本部门基础工作','2019-06-17',8000,1200.0,0,8,''),(545,'阿遥','本部门基础工作','2019-06-17',8000,1200.0,0,8,''),(546,'阿瑶','本部门基础工作','2019-06-17',8000,1200.0,0,8,''),(547,'阿也','本部门基础工作','2019-06-17',8000,1200.0,0,8,''),(548,'阿烨','本部门基础工作','2019-06-17',8000,1200.0,0,8,''),(549,'阿一妹','本部门基础工作','2019-06-17',8000,1200.0,0,8,''),(550,'阿伊','本部门基础工作','2019-06-17',8000,1200.0,0,8,''),(551,'阿伊娜','本部门基础工作','2019-06-17',8000,1200.0,0,9,''),(552,'阿依','本部门基础工作','2019-06-17',8000,1200.0,0,9,''),(553,'阿依古','本部门基础工作','2019-06-17',8000,1200.0,0,9,''),(554,'阿依娜','本部门基础工作','2019-06-17',8000,1200.0,0,9,''),(555,'阿依依','本部门基础工作','2019-06-17',8000,1200.0,0,9,''),(556,'阿夷','本部门基础工作','2019-06-17',8000,1200.0,0,9,''),(557,'阿怡','本部门基础工作','2019-06-17',8000,1200.0,0,9,''),(558,'阿宜','本部门基础工作','2019-06-17',8000,1200.0,0,9,''),(559,'阿乙','本部门基础工作','2019-06-17',8000,1200.0,0,9,''),(560,'阿弋','本部门基础工作','2019-06-17',8000,1200.0,0,9,''),(561,'阿义','本部门基础工作','2019-06-17',8000,1200.0,0,9,''),(562,'阿忆','本部门基础工作','2019-06-17',8000,1200.0,0,9,''),(563,'阿易','本部门基础工作','2019-06-17',8000,1200.0,0,9,''),(564,'阿益','本部门基础工作','2019-06-17',8000,1200.0,0,9,''),(565,'阿逸','本部门基础工作','2019-06-17',8000,1200.0,0,9,''),(566,'阿翊','本部门基础工作','2019-06-17',8000,1200.0,0,9,''),(567,'阿意','本部门基础工作','2019-06-17',8000,1200.0,0,9,''),(568,'阿毅','本部门基础工作','2019-06-17',8000,1200.0,0,9,''),(569,'阿茵','本部门基础工作','2019-06-17',8000,1200.0,0,9,''),(570,'阿音','本部门基础工作','2019-06-17',8000,1200.0,0,9,''),(571,'阿寅','本部门基础工作','2019-06-17',8000,1200.0,0,9,''),(572,'阿隐','本部门基础工作','2019-06-17',8000,1200.0,0,9,''),(573,'阿英','本部门基础工作','2019-06-17',8000,1200.0,0,9,''),(574,'阿英子','本部门基础工作','2019-06-17',8000,1200.0,0,9,''),(575,'阿婴','本部门基础工作','2019-06-17',8000,1200.0,0,9,''),(576,'阿樱','本部门基础工作','2019-06-17',8000,1200.0,0,9,''),(577,'阿鹰','本部门基础工作','2019-06-17',8000,1200.0,0,9,''),(578,'阿迎','本部门基础工作','2019-06-17',8000,1200.0,0,9,''),(579,'阿盈','本部门基础工作','2019-06-17',8000,1200.0,0,9,''),(580,'阿莹','本部门基础工作','2019-06-17',8000,1200.0,0,9,''),(581,'阿滢','本部门基础工作','2019-06-17',8000,1200.0,0,9,''),(582,'阿颖','本部门基础工作','2019-06-17',8000,1200.0,0,9,''),(583,'阿影','本部门基础工作','2019-06-17',8000,1200.0,0,9,''),(584,'阿映','本部门基础工作','2019-06-17',8000,1200.0,0,9,''),(585,'阿雍','本部门基础工作','2019-06-17',8000,1200.0,0,9,''),(586,'阿永','本部门基础工作','2019-06-17',8000,1200.0,0,9,''),(587,'阿勇','本部门基础工作','2019-06-17',8000,1200.0,0,9,''),(588,'阿涌','本部门基础工作','2019-06-17',8000,1200.0,0,9,''),(589,'阿优','本部门基础工作','2019-06-17',8000,1200.0,0,9,''),(590,'阿幼朵','本部门基础工作','2019-06-17',8000,1200.0,0,9,''),(591,'阿余','本部门基础工作','2019-06-17',8000,1200.0,0,9,''),(592,'阿愉','本部门基础工作','2019-06-17',8000,1200.0,0,9,''),(593,'阿瑜','本部门基础工作','2019-06-17',8000,1200.0,0,9,''),(594,'阿宇','本部门基础工作','2019-06-17',8000,1200.0,0,9,''),(595,'阿羽','本部门基础工作','2019-06-17',8000,1200.0,0,9,''),(596,'阿雨','本部门基础工作','2019-06-17',8000,1200.0,0,9,''),(597,'阿语','本部门基础工作','2019-06-17',8000,1200.0,0,9,''),(598,'阿玉妹','本部门基础工作','2019-06-17',8000,1200.0,0,9,''),(599,'阿郁','本部门基础工作','2019-06-17',8000,1200.0,0,9,''),(600,'阿育','本部门基础工作','2019-06-17',8000,1200.0,0,9,''),(601,'阿钰','本部门基础工作','2019-06-17',8000,1200.0,0,10,''),(602,'阿裕','本部门基础工作','2019-06-17',8000,1200.0,0,10,''),(603,'阿煜','本部门基础工作','2019-06-17',8000,1200.0,0,10,''),(604,'阿誉','本部门基础工作','2019-06-17',8000,1200.0,0,10,''),(605,'阿元','本部门基础工作','2019-06-17',8000,1200.0,0,10,''),(606,'阿园','本部门基础工作','2019-06-17',8000,1200.0,0,10,''),(607,'阿圆','本部门基础工作','2019-06-17',8000,1200.0,0,10,''),(608,'阿媛','本部门基础工作','2019-06-17',8000,1200.0,0,10,''),(609,'阿源','本部门基础工作','2019-06-17',8000,1200.0,0,10,''),(610,'阿岳','本部门基础工作','2019-06-17',8000,1200.0,0,10,''),(611,'阿悦','本部门基础工作','2019-06-17',8000,1200.0,0,11,''),(612,'阿越','本部门基础工作','2019-06-17',8000,1200.0,0,11,''),(613,'阿云','本部门基础工作','2019-06-17',8000,1200.0,0,11,''),(614,'阿云锐','本部门基础工作','2019-06-17',8000,1200.0,0,11,''),(615,'阿赞','本部门基础工作','2019-06-17',8000,1200.0,0,11,''),(616,'阿展','本部门基础工作','2019-06-17',8000,1200.0,0,11,''),(617,'阿湛','本部门基础工作','2019-06-17',8000,1200.0,0,11,''),(618,'阿璋','本部门基础工作','2019-06-17',8000,1200.0,0,11,''),(619,'阿昭','本部门基础工作','2019-06-17',8000,1200.0,0,11,''),(620,'阿贞','本部门基础工作','2019-06-17',8000,1200.0,0,11,''),(621,'阿珍','本部门基础工作','2019-06-17',8000,1200.0,0,12,''),(622,'阿珍妹','本部门基础工作','2019-06-17',8000,1200.0,0,12,''),(623,'阿珍妮','本部门基础工作','2019-06-17',8000,1200.0,0,12,''),(624,'阿珍珍','本部门基础工作','2019-06-17',8000,1200.0,0,12,''),(625,'阿真','本部门基础工作','2019-06-17',8000,1200.0,0,12,''),(626,'阿祯','本部门基础工作','2019-06-17',8000,1200.0,0,12,''),(627,'阿甄','本部门基础工作','2019-06-17',8000,1200.0,0,12,''),(628,'阿振','本部门基础工作','2019-06-17',8000,1200.0,0,12,''),(629,'阿震','本部门基础工作','2019-06-17',8000,1200.0,0,12,''),(630,'阿镇','本部门基础工作','2019-06-17',8000,1200.0,0,12,''),(631,'阿筝','本部门基础工作','2019-06-17',8000,1200.0,0,13,''),(632,'阿政','本部门基础工作','2019-06-17',8000,1200.0,0,13,''),(633,'阿知','本部门基础工作','2019-06-17',8000,1200.0,0,13,''),(634,'阿植','本部门基础工作','2019-06-17',8000,1200.0,0,13,''),(635,'阿治','本部门基础工作','2019-06-17',8000,1200.0,0,13,''),(636,'阿智','本部门基础工作','2019-06-17',8000,1200.0,0,13,''),(637,'阿忠','本部门基础工作','2019-06-17',8000,1200.0,0,13,''),(638,'阿众','本部门基础工作','2019-06-17',8000,1200.0,0,13,''),(639,'阿舟','本部门基础工作','2019-06-17',8000,1200.0,0,13,''),(640,'阿洲','本部门基础工作','2019-06-17',8000,1200.0,0,13,''),(641,'阿珠珠','本部门基础工作','2019-06-17',8000,1200.0,0,13,''),(642,'阿专','本部门基础工作','2019-06-17',8000,1200.0,0,13,''),(643,'阿孜','本部门基础工作','2019-06-17',8000,1200.0,0,13,''),(644,'阿姿','本部门基础工作','2019-06-17',8000,1200.0,0,13,''),(650,'jjj','ceo','2020-12-21',12,2.1,0,7,NULL);
/*!40000 ALTER TABLE `employee` ENABLE KEYS */;
UNLOCK TABLES;

--
-- Table structure for table `manager`
--

DROP TABLE IF EXISTS `manager`;
/*!40101 SET @saved_cs_client     = @@character_set_client */;
/*!40101 SET character_set_client = utf8 */;
CREATE TABLE `manager` (
  `id` int(11) NOT NULL AUTO_INCREMENT,
  `name` varchar(10) NOT NULL,
  PRIMARY KEY (`id`)
) ENGINE=InnoDB AUTO_INCREMENT=41 DEFAULT CHARSET=utf8mb4;
/*!40101 SET character_set_client = @saved_cs_client */;

--
-- Dumping data for table `manager`
--

LOCK TABLES `manager` WRITE;
/*!40000 ALTER TABLE `manager` DISABLE KEYS */;
INSERT INTO `manager` VALUES (0,'无领导'),(1,'毕鑫晖'),(2,'陈席'),(3,'陈晓锋'),(4,'陈昱帆'),(5,'翟康'),(6,'丁伟杰'),(7,'高铭'),(8,'葛仲麒'),(9,'黄开明'),(10,'黄志'),(11,'孔俊逸'),(12,'李晨光'),(13,'李涛'),(14,'马俊贤'),(15,'倪金花'),(16,'邵元旭'),(17,'邵昊昊'),(18,'沈洁'),(19,'孙山鑫'),(20,'唐文渊'),(21,'王傲寒'),(22,'王敬轩'),(23,'王鹏'),(24,'王玮'),(25,'吴涵'),(26,'王昊'),(27,'徐田秀'),(28,'薛常洲'),(29,'颜凯'),(30,'杨伟超'),(31,'杨昊'),(32,'张升'),(33,'张淑洋'),(34,'赵新意'),(35,'郑琳鹏'),(36,'郑先阳'),(37,'朱城朋'),(38,'朱尧'),(39,'庄宇'),(40,'嵇华');
/*!40000 ALTER TABLE `manager` ENABLE KEYS */;
UNLOCK TABLES;

--
-- Table structure for table `superuser`
--

DROP TABLE IF EXISTS `superuser`;
/*!40101 SET @saved_cs_client     = @@character_set_client */;
/*!40101 SET character_set_client = utf8 */;
CREATE TABLE `superuser` (
  `name` varchar(10) NOT NULL,
  `password` varchar(32) NOT NULL,
  PRIMARY KEY (`name`)
) ENGINE=InnoDB DEFAULT CHARSET=utf8mb4;
/*!40101 SET character_set_client = @saved_cs_client */;

--
-- Dumping data for table `superuser`
--

LOCK TABLES `superuser` WRITE;
/*!40000 ALTER TABLE `superuser` DISABLE KEYS */;
INSERT INTO `superuser` VALUES ('admin','220177a5ec526063822b1b9821d7b7f8'),('mooyyu','479b856f38eaa5240a4fb30deaa95aa6');
/*!40000 ALTER TABLE `superuser` ENABLE KEYS */;
UNLOCK TABLES;
/*!40103 SET TIME_ZONE=@OLD_TIME_ZONE */;

/*!40101 SET SQL_MODE=@OLD_SQL_MODE */;
/*!40014 SET FOREIGN_KEY_CHECKS=@OLD_FOREIGN_KEY_CHECKS */;
/*!40014 SET UNIQUE_CHECKS=@OLD_UNIQUE_CHECKS */;
/*!40101 SET CHARACTER_SET_CLIENT=@OLD_CHARACTER_SET_CLIENT */;
/*!40101 SET CHARACTER_SET_RESULTS=@OLD_CHARACTER_SET_RESULTS */;
/*!40101 SET COLLATION_CONNECTION=@OLD_COLLATION_CONNECTION */;
/*!40111 SET SQL_NOTES=@OLD_SQL_NOTES */;

-- Dump completed on 2019-07-10 23:51:25
